student_id,gender,age,parental_education,internet_access,extracurricular,study_hours_per_day,attendance_rate,sleep_hours,math_score,reading_score,writing_score,average_score,grade
S001,Male,14,High School,1,1,4.9,64.2,6.8,71,61,71,67.7,C
S002,Female,14,Bachelor's Degree,1,1,4.7,55.5,7.4,57,70,74,67.0,C
S003,Female,14,High School,1,1,1.3,74.7,5.8,66,63,67,65.3,C
S004,Female,18,No Formal Education,1,1,1.8,94.7,5.9,76,70,74,73.3,B
S005,Male,17,Bachelor's Degree,0,1,7.8,57.3,9.8,87,88,83,86.0,A
S006,Male,18,High School,1,0,2.2,63.6,9.4,67,69,72,69.3,C
S007,Male,17,Bachelor's Degree,0,0,7.8,69.0,9.1,69,74,75,72.7,B
S008,Female,18,High School,1,1,4.5,87.9,6.4,89,77,74,80.0,B
S009,Female,18,Master's Degree,0,1,1.5,83.8,4.1,63,60,63,62.0,C
S010,Female,16,High School,1,0,1.2,73.7,4.5,41,52,45,46.0,D
S011,Male,18,Master's Degree,1,0,2.1,89.2,5.9,74,78,78,76.7,B
S012,Female,15,Bachelor's Degree,1,1,7.4,82.4,4.1,86,91,98,91.7,A
S013,Female,16,Primary School,0,0,3.6,95.3,4.1,51,52,56,53.0,D
S014,Male,18,Bachelor's Degree,0,0,3.5,91.8,9.5,67,84,71,74.0,B
S015,Male,14,Master's Degree,1,0,2.8,66.4,8.2,88,70,90,82.7,B
S016,Male,15,High School,1,0,1.6,67.2,5.9,40,45,45,43.3,D
S017,Male,15,High School,1,0,4.2,60.6,4.8,71,81,65,72.3,B
S018,Female,15,High School,1,0,1.5,70.2,7.1,50,66,46,54.0,D
S019,Male,16,Bachelor's Degree,1,1,6.8,100.0,4.0,74,71,66,70.3,B
S020,Male,18,Bachelor's Degree,0,1,3.3,73.3,9.6,62,55,67,61.3,C
S021,Female,18,Bachelor's Degree,1,1,3.3,64.9,6.5,68,69,58,65.0,C
S022,Male,14,High School,1,1,4.1,89.3,6.4,73,71,71,71.7,B
S023,Male,14,High School,1,0,3.8,79.4,6.3,65,67,59,63.7,C
S024,Male,15,Bachelor's Degree,1,0,8.0,61.7,4.4,50,52,61,54.3,D
S025,Male,14,High School,1,1,4.6,72.1,7.8,79,67,62,69.3,C
S026,Female,16,Primary School,1,0,1.2,73.7,8.4,44,52,43,46.3,D
S027,Male,18,Master's Degree,1,1,5.1,88.9,8.1,100,100,100,100.0,A
S028,Female,15,Bachelor's Degree,0,1,1.6,55.9,4.8,48,53,44,48.3,D
S029,Female,14,Bachelor's Degree,0,1,0.7,67.1,7.5,62,62,69,64.3,C
S030,Male,16,Bachelor's Degree,0,0,7.8,78.3,7.4,92,89,89,90.0,A
S031,Female,16,Bachelor's Degree,1,0,6.3,67.1,9.2,100,82,82,88.0,A
S032,Male,14,Bachelor's Degree,1,1,7.9,83.3,6.3,78,84,94,85.3,A
S033,Male,18,High School,1,0,4.1,76.7,6.2,56,58,64,59.3,C
S034,Female,14,Primary School,1,1,4.5,71.3,7.7,74,56,69,66.3,C
S035,Female,15,High School,1,1,1.8,97.7,7.8,74,83,84,80.3,B
S036,Female,14,High School,1,1,2.4,83.4,6.8,59,56,48,54.3,D
S037,Male,16,Bachelor's Degree,1,0,6.8,60.8,6.7,82,83,80,81.7,B
S038,Male,14,Primary School,1,1,3.2,80.2,7.0,57,71,63,63.7,C
S039,Female,18,Primary School,1,1,6.7,90.1,9.2,82,80,74,78.7,B
S040,Male,17,High School,1,0,5.8,86.9,6.8,70,82,74,75.3,B
S041,Male,14,High School,1,0,1.8,62.7,9.6,60,51,56,55.7,C
S042,Male,18,Bachelor's Degree,1,1,4.3,98.8,7.0,87,92,89,89.3,A
S043,Male,18,High School,0,0,5.6,75.2,9.7,73,77,78,76.0,B
S044,Female,16,Bachelor's Degree,1,0,2.3,62.2,9.0,77,87,71,78.3,B
S045,Male,18,High School,1,0,6.7,63.1,6.2,58,61,60,59.7,C
S046,Female,18,Bachelor's Degree,1,1,4.6,59.4,9.2,70,65,61,65.3,C
S047,Male,18,Bachelor's Degree,1,1,1.7,91.2,4.7,70,66,58,64.7,C
S048,Female,18,High School,0,1,4.9,60.5,9.6,88,79,79,82.0,B
S049,Female,15,Bachelor's Degree,1,0,8.0,60.6,7.8,79,78,93,83.3,B
S050,Male,15,High School,1,0,1.6,93.3,4.3,65,58,72,65.0,C
S051,Female,16,High School,1,1,6.6,70.5,7.9,76,89,75,80.0,B
S052,Female,14,Master's Degree,1,1,2.1,56.4,9.8,81,58,65,68.0,C
S053,Female,18,High School,1,0,6.4,57.3,4.4,82,80,76,79.3,B
S054,Female,14,Primary School,1,1,6.0,61.4,7.3,71,79,72,74.0,B
S055,Female,14,Bachelor's Degree,1,1,2.8,64.6,8.5,70,77,71,72.7,B
S056,Female,16,Primary School,1,1,2.9,84.9,8.9,62,58,63,61.0,C
S057,Male,18,Bachelor's Degree,1,1,6.4,62.1,6.5,70,68,51,63.0,C
S058,Male,18,High School,1,1,4.0,60.3,5.2,56,58,61,58.3,C
S059,Male,17,Master's Degree,1,0,6.0,89.4,4.3,77,73,79,76.3,B
S060,Male,14,Bachelor's Degree,1,1,1.6,85.2,7.5,61,67,59,62.3,C
S061,Male,14,Bachelor's Degree,1,1,6.9,74.6,6.7,73,83,86,80.7,B
S062,Male,15,Master's Degree,1,0,5.8,79.7,9.7,93,98,97,96.0,A
S063,Female,17,High School,0,1,7.3,69.0,4.4,67,69,78,71.3,B
S064,Male,15,Master's Degree,1,1,1.5,76.7,8.1,61,77,66,68.0,C
S065,Male,15,Primary School,0,1,4.9,77.8,4.1,54,63,48,55.0,C
S066,Female,15,High School,1,1,5.0,72.4,5.0,60,63,44,55.7,C
S067,Male,16,High School,1,1,3.2,95.8,6.7,86,73,86,81.7,B
S068,Female,16,Bachelor's Degree,1,1,3.9,55.7,6.7,51,54,60,55.0,C
S069,Male,15,High School,1,0,0.8,90.2,8.1,64,79,67,70.0,B
S070,Female,17,Bachelor's Degree,1,1,6.1,60.6,9.5,88,87,90,88.3,A
S071,Female,14,Bachelor's Degree,1,0,4.6,90.9,7.8,85,87,74,82.0,B
S072,Male,17,Master's Degree,1,0,0.9,82.7,9.7,92,89,87,89.3,A
S073,Male,18,High School,1,1,5.6,92.9,9.3,89,90,89,89.3,A
S074,Female,16,Bachelor's Degree,1,1,4.0,59.4,7.5,84,74,84,80.7,B
S075,Female,14,High School,1,1,0.8,80.2,9.0,59,64,66,63.0,C
S076,Female,14,High School,1,1,7.8,77.5,7.9,75,88,80,81.0,B
S077,Female,18,High School,1,1,7.6,86.8,4.5,97,83,86,88.7,A
S078,Male,18,High School,1,1,4.3,79.0,8.4,81,73,67,73.7,B
S079,Male,15,Bachelor's Degree,1,0,1.2,79.3,4.6,79,74,83,78.7,B
S080,Male,16,Bachelor's Degree,1,1,6.2,74.3,7.6,82,90,77,83.0,B
S081,Female,16,High School,1,1,4.2,68.9,8.2,64,59,58,60.3,C
S082,Female,17,Primary School,1,1,2.8,76.7,4.4,51,51,55,52.3,D
S083,Male,15,Primary School,1,0,4.2,60.3,5.4,46,57,59,54.0,D
S084,Male,15,No Formal Education,1,0,4.4,98.3,9.5,85,59,74,72.7,B
S085,Male,15,Master's Degree,1,0,4.7,87.1,7.7,76,93,89,86.0,A
S086,Male,15,No Formal Education,0,0,3.8,97.9,5.5,77,80,67,74.7,B
S087,Female,16,Primary School,1,0,5.0,65.2,8.1,83,68,73,74.7,B
S088,Female,16,High School,1,1,7.4,94.6,7.6,84,89,84,85.7,A
S089,Female,15,Bachelor's Degree,1,1,3.2,91.4,7.0,66,80,69,71.7,B
S090,Male,17,Master's Degree,1,0,5.9,85.5,9.9,87,85,74,82.0,B
S091,Male,14,Bachelor's Degree,1,0,7.2,83.1,8.1,95,91,86,90.7,A
S092,Female,14,Bachelor's Degree,1,0,3.9,69.2,6.3,63,65,72,66.7,C
S093,Female,17,Bachelor's Degree,1,0,3.8,91.7,8.8,78,85,83,82.0,B
S094,Female,15,Primary School,1,0,5.0,77.6,9.3,62,65,69,65.3,C
S095,Female,16,Master's Degree,1,0,4.9,58.2,4.8,62,72,75,69.7,C
S096,Male,14,Bachelor's Degree,1,1,6.5,69.1,5.2,87,82,78,82.3,B
S097,Female,18,Bachelor's Degree,0,1,4.1,97.1,5.3,75,71,73,73.0,B
S098,Male,18,Bachelor's Degree,0,0,8.0,93.3,8.1,81,83,78,80.7,B
S099,Male,17,Bachelor's Degree,1,1,0.9,99.2,7.6,84,87,80,83.7,B
S100,Male,15,Bachelor's Degree,1,1,0.5,83.3,7.7,80,79,83,80.7,B
S101,Male,14,Master's Degree,1,0,5.3,66.1,9.6,89,79,93,87.0,A
S102,Female,15,Master's Degree,1,0,2.7,62.3,8.7,39,49,52,46.7,D
S103,Male,14,Bachelor's Degree,1,1,2.3,63.4,4.8,77,73,76,75.3,B
S104,Female,17,Bachelor's Degree,1,0,2.8,55.9,6.1,56,57,56,56.3,C
S105,Female,17,Primary School,1,1,2.4,72.6,6.6,75,77,71,74.3,B
S106,Male,18,Bachelor's Degree,1,1,0.7,63.6,6.4,59,60,61,60.0,C
S107,Male,15,No Formal Education,1,0,7.8,73.5,8.0,51,60,61,57.3,C
S108,Female,18,Bachelor's Degree,1,0,2.2,97.1,9.4,62,56,56,58.0,C
S109,Male,15,Master's Degree,1,1,6.0,74.4,5.8,95,98,100,97.7,A
S110,Male,18,Bachelor's Degree,0,0,6.2,94.5,7.3,85,100,100,95.0,A
S111,Male,16,High School,1,0,7.5,82.2,8.7,98,100,97,98.3,A
S112,Male,16,High School,1,1,0.7,66.1,6.5,52,45,50,49.0,D
S113,Female,16,Primary School,1,1,7.0,71.0,5.0,66,74,68,69.3,C
S114,Female,16,Bachelor's Degree,1,0,4.5,58.8,6.8,47,61,69,59.0,C
S115,Female,14,High School,1,1,5.2,70.0,4.3,69,72,66,69.0,C
S116,Female,16,Primary School,1,0,5.3,85.5,9.7,72,77,74,74.3,B
S117,Female,17,High School,1,1,6.6,58.2,4.4,53,77,72,67.3,C
S118,Male,17,Bachelor's Degree,1,1,3.0,64.2,6.6,74,61,52,62.3,C
S119,Female,14,Bachelor's Degree,1,1,6.0,72.2,7.2,76,68,70,71.3,B
S120,Female,16,Primary School,1,1,4.5,99.2,9.9,80,93,82,85.0,A
S121,Female,16,High School,1,1,6.5,90.3,5.0,68,82,71,73.7,B
S122,Female,16,Bachelor's Degree,1,0,7.9,88.0,4.7,64,64,53,60.3,C
S123,Male,18,Bachelor's Degree,1,1,2.0,60.2,4.1,63,62,62,62.3,C
S124,Male,15,Bachelor's Degree,0,0,8.0,90.1,4.9,81,69,80,76.7,B
S125,Male,18,High School,1,0,1.2,90.3,5.2,60,70,57,62.3,C
S126,Male,15,Bachelor's Degree,1,0,0.5,82.0,7.8,77,70,70,72.3,B
S127,Female,16,High School,1,1,0.8,99.6,5.3,64,73,69,68.7,C
S128,Female,16,Master's Degree,1,1,3.1,69.6,4.1,94,96,87,92.3,A
S129,Male,18,Bachelor's Degree,1,0,5.2,97.4,9.0,81,96,90,89.0,A
S130,Female,18,High School,0,0,1.0,96.2,6.2,77,63,59,66.3,C
S131,Male,15,High School,1,1,0.5,55.5,6.1,58,49,56,54.3,D
S132,Male,17,Bachelor's Degree,1,1,7.5,75.3,5.8,100,73,88,87.0,A
S133,Male,15,Bachelor's Degree,1,0,6.7,99.0,9.9,100,100,100,100.0,A
S134,Male,18,Bachelor's Degree,1,1,6.6,59.6,5.0,60,74,71,68.3,C
S135,Female,18,Bachelor's Degree,1,1,7.1,79.7,9.4,86,93,83,87.3,A
S136,Male,14,Bachelor's Degree,1,1,5.8,99.1,8.7,100,99,97,98.7,A
S137,Female,18,Bachelor's Degree,1,0,1.3,80.0,4.5,54,45,49,49.3,D
S138,Female,14,High School,1,1,3.5,63.5,9.9,76,70,66,70.7,B
S139,Male,17,Master's Degree,0,1,5.9,81.2,5.6,91,95,88,91.3,A
S140,Female,15,High School,1,1,2.6,64.2,4.6,44,49,60,51.0,D
S141,Female,15,High School,1,1,5.7,78.4,9.0,75,88,81,81.3,B
S142,Male,14,Master's Degree,1,1,0.7,58.3,8.2,47,56,56,53.0,D
S143,Male,15,No Formal Education,0,0,2.8,82.2,7.7,49,54,44,49.0,D
S144,Male,18,High School,0,1,4.6,78.3,4.9,63,77,67,69.0,C
S145,Male,16,High School,1,1,5.2,88.3,6.9,72,85,88,81.7,B
S146,Male,14,Master's Degree,1,0,4.8,83.4,8.7,89,86,88,87.7,A
S147,Female,15,Primary School,1,1,5.7,79.7,5.8,76,88,66,76.7,B
S148,Female,14,No Formal Education,1,0,0.5,86.0,5.9,54,57,57,56.0,C
S149,Male,14,Primary School,1,0,1.3,61.5,4.0,54,53,61,56.0,C
S150,Male,16,Primary School,1,1,7.0,81.8,5.0,72,81,76,76.3,B
S151,Female,18,No Formal Education,1,1,5.6,62.7,9.3,69,79,80,76.0,B
S152,Male,14,High School,1,1,1.3,96.6,6.7,82,75,71,76.0,B
S153,Male,15,Bachelor's Degree,1,0,6.8,58.1,9.9,93,97,99,96.3,A
S154,Male,17,High School,1,1,2.3,74.4,6.4,62,61,69,64.0,C
S155,Female,14,High School,1,0,4.1,86.3,8.3,82,69,78,76.3,B
S156,Male,14,Primary School,1,0,1.6,75.6,5.7,61,63,67,63.7,C
S157,Female,16,High School,1,1,5.8,59.1,6.2,78,68,67,71.0,B
S158,Female,18,Bachelor's Degree,1,1,5.5,79.9,5.1,93,93,83,89.7,A
S159,Male,17,Bachelor's Degree,1,1,2.1,83.9,6.1,77,79,77,77.7,B
S160,Female,15,No Formal Education,1,0,7.0,86.7,7.3,61,62,60,61.0,C
S161,Male,17,High School,1,1,3.5,71.8,10.0,73,75,74,74.0,B
S162,Female,15,High School,0,1,2.7,80.4,8.0,68,69,64,67.0,C
S163,Female,18,Master's Degree,1,1,1.6,75.3,5.2,65,80,73,72.7,B
S164,Female,15,Bachelor's Degree,1,1,2.5,85.2,4.3,68,70,69,69.0,C
S165,Male,16,Bachelor's Degree,1,0,0.7,81.3,4.8,43,57,50,50.0,D
S166,Female,16,High School,1,0,4.9,78.7,7.4,86,75,84,81.7,B
S167,Male,16,Master's Degree,1,1,6.8,66.2,8.6,79,96,90,88.3,A
S168,Male,16,No Formal Education,1,0,4.6,55.1,9.6,69,63,64,65.3,C
S169,Male,17,Primary School,1,0,2.1,62.8,4.1,37,33,42,37.3,F
S170,Female,18,High School,1,1,0.8,60.3,7.1,58,56,53,55.7,C
S171,Female,15,Primary School,1,1,2.1,75.2,6.8,63,55,54,57.3,C
S172,Male,15,Master's Degree,1,1,3.6,82.6,7.9,81,82,92,85.0,A
S173,Female,16,Bachelor's Degree,1,1,6.2,64.6,7.4,78,86,74,79.3,B
S174,Male,16,High School,1,1,1.9,97.3,8.1,65,79,77,73.7,B
S175,Female,14,Bachelor's Degree,1,0,5.9,55.3,7.9,68,74,69,70.3,B
S176,Male,18,Master's Degree,0,0,7.0,89.8,4.7,85,78,69,77.3,B
S177,Female,17,Master's Degree,0,0,3.9,83.1,8.8,71,87,81,79.7,B
S178,Male,15,Bachelor's Degree,1,0,6.7,71.8,4.7,76,79,70,75.0,B
S179,Female,14,Master's Degree,1,1,4.7,57.3,8.2,71,76,78,75.0,B
S180,Male,14,Master's Degree,1,0,5.3,83.2,6.5,58,51,66,58.3,C
S181,Male,15,Bachelor's Degree,1,1,4.4,72.4,7.1,76,83,68,75.7,B
S182,Male,17,Primary School,1,0,4.0,97.1,9.4,64,78,71,71.0,B
S183,Female,14,High School,1,0,2.3,79.4,9.3,58,52,59,56.3,C
S184,Female,14,Bachelor's Degree,0,1,2.8,97.3,8.9,86,86,74,82.0,B
S185,Male,18,High School,1,0,2.7,64.9,7.1,68,69,73,70.0,B
S186,Female,17,Bachelor's Degree,1,0,4.7,87.7,8.4,85,72,82,79.7,B
S187,Female,14,Primary School,1,0,1.4,82.8,7.1,57,46,55,52.7,D
S188,Female,17,No Formal Education,1,0,7.4,88.3,9.2,82,85,79,82.0,B
S189,Female,15,High School,1,1,5.9,64.7,6.4,80,80,70,76.7,B
S190,Male,16,No Formal Education,1,0,3.5,84.9,9.8,66,88,73,75.7,B
S191,Male,14,Master's Degree,1,0,1.7,77.4,9.6,77,84,84,81.7,B
S192,Female,18,Bachelor's Degree,1,1,7.1,88.4,8.4,100,100,100,100.0,A
S193,Female,15,Bachelor's Degree,1,0,6.7,69.7,5.7,75,72,75,74.0,B
S194,Female,17,Bachelor's Degree,1,1,5.9,95.1,4.8,78,82,77,79.0,B
S195,Male,15,High School,1,1,2.5,58.8,9.1,45,50,56,50.3,D
S196,Male,14,Bachelor's Degree,1,1,3.5,91.3,5.0,67,73,91,77.0,B
S197,Female,17,Bachelor's Degree,1,1,1.3,93.8,9.1,87,75,78,80.0,B
S198,Female,16,Bachelor's Degree,1,0,1.9,91.8,6.9,73,73,75,73.7,B
S199,Female,15,High School,1,1,6.4,78.1,6.4,76,81,76,77.7,B
S200,Female,14,Bachelor's Degree,1,0,5.9,74.7,9.4,82,88,92,87.3,A
S201,Female,18,High School,0,1,5.0,99.8,7.6,68,81,76,75.0,B
S202,Male,17,Master's Degree,1,0,7.2,65.3,7.5,68,81,73,74.0,B
S203,Male,15,Master's Degree,1,1,4.9,79.6,7.4,81,86,76,81.0,B
S204,Female,15,High School,1,1,4.0,85.2,6.2,56,67,55,59.3,C
S205,Female,16,Bachelor's Degree,1,0,3.1,86.5,8.7,79,87,84,83.3,B
S206,Male,16,Bachelor's Degree,1,0,7.6,64.2,5.5,100,92,90,94.0,A
S207,Male,18,No Formal Education,1,1,1.1,84.4,9.6,48,50,49,49.0,D
S208,Female,18,Master's Degree,1,1,7.5,91.8,9.4,100,100,100,100.0,A
S209,Male,14,Master's Degree,0,0,6.7,57.3,6.0,93,82,89,88.0,A
S210,Male,14,High School,1,1,1.5,96.0,8.4,86,82,74,80.7,B
S211,Female,18,High School,1,1,4.7,56.3,7.4,64,70,60,64.7,C
S212,Female,18,High School,1,1,7.0,71.0,6.0,59,70,64,64.3,C
S213,Female,17,High School,1,0,4.8,55.7,9.9,76,70,74,73.3,B
S214,Male,16,No Formal Education,1,1,7.3,58.5,4.2,64,50,50,54.7,D
S215,Female,14,Master's Degree,1,0,7.6,96.0,5.5,100,100,100,100.0,A
S216,Male,16,No Formal Education,0,1,3.7,71.0,7.1,47,60,50,52.3,D
S217,Male,16,High School,1,1,3.3,74.1,7.1,74,67,78,73.0,B
S218,Female,18,Master's Degree,1,0,7.5,64.7,7.5,85,89,89,87.7,A
S219,Female,17,Bachelor's Degree,1,1,5.6,81.9,8.5,80,87,85,84.0,B
S220,Female,15,High School,1,0,1.4,81.8,7.7,51,51,37,46.3,D
S221,Female,17,High School,1,1,0.8,71.7,7.6,48,45,59,50.7,D
S222,Female,17,No Formal Education,1,1,4.7,70.0,4.3,57,64,58,59.7,C
S223,Male,16,Bachelor's Degree,1,1,7.5,94.8,6.3,100,100,90,96.7,A
S224,Male,17,No Formal Education,0,0,6.8,72.2,5.4,53,50,66,56.3,C
S225,Male,14,Bachelor's Degree,1,1,5.6,77.2,5.6,66,67,68,67.0,C
S226,Male,16,Master's Degree,1,0,1.5,67.7,7.3,63,66,74,67.7,C
S227,Female,14,Primary School,1,0,2.4,90.4,5.2,61,60,56,59.0,C
S228,Male,15,Master's Degree,1,1,7.1,72.9,5.8,80,77,78,78.3,B
S229,Female,16,Master's Degree,0,0,1.9,78.1,5.4,88,66,64,72.7,B
S230,Female,15,Primary School,1,0,2.6,66.4,9.7,69,71,68,69.3,C
S231,Female,16,Master's Degree,0,1,1.5,99.4,9.7,59,68,70,65.7,C
S232,Female,18,Bachelor's Degree,1,0,5.6,68.1,7.7,59,65,71,65.0,C
S233,Female,17,Master's Degree,1,0,7.6,89.7,9.5,100,100,90,96.7,A
S234,Male,18,Bachelor's Degree,1,1,2.5,74.2,8.7,79,66,71,72.0,B
S235,Male,15,Bachelor's Degree,1,0,4.1,64.3,7.5,64,63,80,69.0,C
S236,Female,17,Bachelor's Degree,0,1,5.3,91.0,4.0,98,81,88,89.0,A
S237,Male,16,Master's Degree,1,1,8.0,70.0,8.6,100,85,88,91.0,A
S238,Male,17,Bachelor's Degree,1,1,1.3,93.9,8.2,63,63,62,62.7,C
S239,Female,14,Bachelor's Degree,1,1,4.2,96.2,7.7,100,93,80,91.0,A
S240,Male,17,Master's Degree,1,0,3.4,93.7,8.6,100,98,92,96.7,A
S241,Female,14,High School,1,0,7.0,56.6,7.1,75,67,54,65.3,C
S242,Female,17,High School,1,1,4.1,90.4,8.2,83,73,80,78.7,B
S243,Female,14,High School,0,1,1.3,73.5,9.6,69,66,67,67.3,C
S244,Male,15,High School,0,1,5.3,94.3,6.3,88,82,79,83.0,B
S245,Male,18,High School,1,0,6.3,83.7,8.2,88,85,86,86.3,A
S246,Female,16,Master's Degree,1,0,0.5,92.5,6.9,77,79,72,76.0,B
S247,Male,17,Primary School,1,0,6.9,77.5,8.0,78,98,100,92.0,A
S248,Female,18,Bachelor's Degree,1,1,1.9,79.1,8.6,75,89,78,80.7,B
S249,Female,16,High School,1,1,4.6,61.5,4.3,61,46,60,55.7,C
S250,Female,16,Master's Degree,1,1,3.6,90.3,7.9,92,88,87,89.0,A
S251,Male,14,Master's Degree,1,1,5.9,73.9,5.4,89,96,78,87.7,A
S252,Male,15,High School,1,0,3.3,77.5,8.0,83,61,74,72.7,B
S253,Female,15,Master's Degree,1,1,7.0,90.3,6.8,98,100,97,98.3,A
S254,Male,18,No Formal Education,1,1,6.0,81.9,8.6,82,80,80,80.7,B
S255,Male,15,Bachelor's Degree,1,1,5.4,64.0,4.7,74,66,70,70.0,B
S256,Female,17,High School,1,1,6.5,81.6,7.8,71,64,62,65.7,C
S257,Female,15,Master's Degree,1,1,6.2,73.3,5.7,89,95,100,94.7,A
S258,Female,18,No Formal Education,1,1,0.8,76.1,9.1,60,68,62,63.3,C
S259,Female,15,Bachelor's Degree,1,0,3.5,56.3,9.6,57,75,62,64.7,C
S260,Male,17,Bachelor's Degree,1,0,7.5,64.5,10.0,54,70,86,70.0,B
S261,Female,14,High School,1,1,1.4,67.6,8.8,71,73,71,71.7,B
S262,Female,18,High School,1,0,6.0,87.1,8.5,61,78,75,71.3,B
S263,Male,14,Primary School,1,0,7.8,55.5,5.3,50,64,64,59.3,C
S264,Female,14,High School,1,0,0.9,73.4,6.0,51,50,49,50.0,D
S265,Female,14,Bachelor's Degree,1,1,5.6,96.6,6.8,75,82,84,80.3,B
S266,Female,16,Primary School,1,0,4.0,60.0,8.6,58,58,56,57.3,C
S267,Female,16,High School,0,1,4.8,78.2,9.5,81,64,86,77.0,B
S268,Female,14,No Formal Education,1,1,1.1,90.4,5.1,64,68,64,65.3,C
S269,Male,18,Bachelor's Degree,1,0,0.8,97.4,9.5,80,80,91,83.7,B
S270,Male,17,Primary School,1,0,5.5,88.6,8.2,97,88,84,89.7,A
S271,Female,17,High School,0,0,6.7,87.4,7.7,51,69,67,62.3,C
S272,Female,15,No Formal Education,1,1,6.4,92.2,5.2,68,59,67,64.7,C
S273,Female,18,High School,1,0,4.6,75.1,4.3,36,53,39,42.7,D
S274,Female,16,Bachelor's Degree,1,0,1.2,91.3,7.4,62,60,59,60.3,C
S275,Female,14,High School,1,0,5.7,55.4,7.9,59,57,74,63.3,C
S276,Female,15,High School,1,1,2.3,96.6,5.3,80,87,79,82.0,B
S277,Female,17,Bachelor's Degree,1,1,7.3,74.9,7.3,87,84,81,84.0,B
S278,Female,16,Bachelor's Degree,1,1,6.8,79.9,9.1,81,84,75,80.0,B
S279,Female,16,High School,1,1,5.8,66.5,9.0,71,74,72,72.3,B
S280,Female,14,Bachelor's Degree,1,0,7.6,88.4,9.6,78,87,73,79.3,B
S281,Female,17,Master's Degree,0,1,0.7,58.4,6.2,63,48,40,50.3,D
S282,Male,18,High School,1,0,6.0,94.3,5.9,87,83,82,84.0,B
S283,Male,16,Bachelor's Degree,1,1,3.0,92.3,8.5,71,80,79,76.7,B
S284,Male,14,Bachelor's Degree,1,1,7.3,64.7,6.6,87,90,93,90.0,A
S285,Female,18,High School,1,1,2.5,91.4,4.5,66,74,74,71.3,B
S286,Male,17,Primary School,1,0,5.9,90.4,5.7,78,78,82,79.3,B
S287,Male,16,Primary School,1,0,7.1,83.4,6.5,64,71,63,66.0,C
S288,Female,18,Master's Degree,0,0,0.8,71.8,5.8,65,58,55,59.3,C
S289,Male,18,Master's Degree,1,0,3.5,67.2,6.0,59,68,68,65.0,C
S290,Female,18,Bachelor's Degree,1,0,6.2,65.4,5.8,73,88,69,76.7,B
S291,Male,16,High School,1,0,3.9,69.3,4.2,62,77,64,67.7,C
S292,Male,16,Bachelor's Degree,0,0,2.5,95.7,7.8,57,62,65,61.3,C
S293,Female,15,Bachelor's Degree,1,1,2.1,58.5,7.6,80,73,75,76.0,B
S294,Male,17,High School,0,1,1.5,92.3,7.9,91,80,75,82.0,B
S295,Male,14,Primary School,1,1,6.9,70.7,5.2,68,64,69,67.0,C
S296,Female,18,Bachelor's Degree,1,0,4.8,78.5,5.8,70,73,78,73.7,B
S297,Female,15,High School,1,1,1.1,90.8,7.7,57,74,75,68.7,C
S298,Male,14,Bachelor's Degree,1,0,3.4,94.8,7.6,87,97,84,89.3,A
S299,Female,15,High School,1,1,3.3,70.5,7.0,76,70,67,71.0,B
S300,Male,16,No Formal Education,0,0,1.9,75.8,6.1,54,48,58,53.3,D
S301,Male,18,High School,0,1,3.8,73.7,9.5,78,73,67,72.7,B
S302,Female,14,High School,1,1,3.0,55.6,6.0,65,68,81,71.3,B
S303,Female,14,Master's Degree,1,1,3.1,68.3,6.7,67,79,72,72.7,B
S304,Female,14,Primary School,1,1,6.0,75.7,8.1,61,58,49,56.0,C
S305,Female,14,Master's Degree,1,1,2.2,73.5,7.3,62,63,60,61.7,C
S306,Female,14,Bachelor's Degree,1,1,5.3,87.5,6.1,88,87,84,86.3,A
S307,Female,15,Bachelor's Degree,1,1,4.8,72.3,6.6,79,100,81,86.7,A
S308,Male,18,High School,1,1,4.8,77.0,8.8,58,74,78,70.0,B
S309,Female,16,Bachelor's Degree,1,1,5.5,74.3,5.7,83,76,84,81.0,B
S310,Male,16,Bachelor's Degree,1,1,4.6,88.3,4.9,77,78,82,79.0,B
S311,Male,16,High School,1,1,7.1,93.8,5.9,82,89,76,82.3,B
S312,Male,16,Primary School,1,1,5.6,78.9,9.1,74,71,71,72.0,B
S313,Male,15,Master's Degree,1,0,4.6,90.5,4.5,61,84,72,72.3,B
S314,Female,17,Master's Degree,0,0,6.7,68.4,10.0,100,100,92,97.3,A
S315,Female,18,No Formal Education,1,0,5.0,79.4,7.2,73,76,56,68.3,C
S316,Female,14,Bachelor's Degree,1,0,2.7,70.5,9.9,58,51,69,59.3,C
S317,Male,17,Master's Degree,1,0,2.1,73.6,9.6,70,76,74,73.3,B
S318,Male,16,Master's Degree,1,1,1.6,88.0,6.7,98,85,87,90.0,A
S319,Male,17,Master's Degree,1,0,7.2,94.7,5.2,100,99,100,99.7,A
S320,Male,18,Bachelor's Degree,1,1,5.8,60.5,5.0,55,76,68,66.3,C
S321,Female,14,High School,1,0,7.5,83.6,5.4,84,60,66,70.0,B
S322,Female,14,High School,1,0,5.0,81.2,8.3,79,88,79,82.0,B
S323,Female,18,High School,1,1,4.1,60.3,5.6,79,71,54,68.0,C
S324,Male,18,Bachelor's Degree,1,1,0.9,64.5,6.0,44,53,39,45.3,D
S325,Female,16,Bachelor's Degree,1,0,5.5,69.0,6.7,82,78,78,79.3,B
S326,Female,14,High School,1,1,4.9,62.5,9.5,56,63,63,60.7,C
S327,Female,17,Master's Degree,1,1,7.9,66.0,5.1,82,94,90,88.7,A
S328,Female,15,Bachelor's Degree,1,0,2.3,67.0,4.0,74,60,52,62.0,C
S329,Male,15,Bachelor's Degree,1,0,4.5,70.1,4.4,80,82,66,76.0,B
S330,Male,18,High School,1,1,5.4,88.7,9.4,79,90,82,83.7,B
S331,Male,16,Bachelor's Degree,1,1,5.3,80.7,7.9,81,78,79,79.3,B
S332,Female,15,High School,1,1,4.7,99.4,5.6,61,61,67,63.0,C
S333,Male,14,High School,1,1,6.3,73.7,5.1,80,69,75,74.7,B
S334,Male,18,Primary School,1,0,2.0,88.9,5.8,43,58,55,52.0,D
S335,Male,17,High School,1,1,5.9,94.2,4.7,69,82,69,73.3,B
S336,Male,18,High School,1,0,5.1,85.6,9.6,86,84,73,81.0,B
S337,Female,17,Bachelor's Degree,1,1,7.2,73.5,8.7,68,75,67,70.0,B
S338,Female,18,No Formal Education,0,1,6.9,88.9,6.8,65,70,57,64.0,C
S339,Male,18,Bachelor's Degree,1,1,2.9,64.2,9.2,79,68,69,72.0,B
S340,Male,18,High School,1,0,2.6,69.7,5.5,66,60,66,64.0,C
S341,Male,17,Master's Degree,1,0,7.9,79.6,8.3,94,100,85,93.0,A
S342,Male,17,Master's Degree,1,1,4.5,80.9,9.1,100,81,87,89.3,A
S343,Male,18,High School,1,1,7.3,56.0,6.1,64,73,75,70.7,B
S344,Male,15,High School,1,1,1.7,97.5,8.5,71,70,73,71.3,B
S345,Male,16,No Formal Education,1,0,5.3,86.3,5.8,70,78,75,74.3,B
S346,Female,16,Bachelor's Degree,1,1,6.6,77.3,5.8,85,88,85,86.0,A
S347,Female,16,Bachelor's Degree,1,0,7.6,97.0,4.6,77,86,86,83.0,B
S348,Male,17,High School,1,1,3.0,74.8,6.6,61,85,76,74.0,B
S349,Male,17,Bachelor's Degree,0,0,5.9,99.1,8.4,92,84,86,87.3,A
S350,Female,15,High School,0,1,4.5,78.1,9.6,78,86,96,86.7,A
S351,Female,16,High School,1,0,1.0,60.1,7.6,76,64,67,69.0,C
S352,Female,16,Bachelor's Degree,1,1,5.7,89.4,9.2,77,83,86,82.0,B
S353,Female,18,High School,1,1,5.7,85.6,8.9,73,89,83,81.7,B
S354,Male,17,Bachelor's Degree,1,0,7.5,89.8,5.0,100,92,97,96.3,A
S355,Male,16,High School,1,0,4.2,97.8,6.9,66,58,73,65.7,C
S356,Female,15,Master's Degree,0,0,2.2,89.9,4.7,80,79,84,81.0,B
S357,Male,15,Primary School,0,0,0.8,82.5,8.1,46,51,47,48.0,D
S358,Female,16,High School,1,1,3.6,93.6,9.7,100,86,85,90.3,A
S359,Female,17,Bachelor's Degree,1,1,2.8,85.3,4.8,72,72,65,69.7,C
S360,Female,15,High School,1,1,6.2,73.4,8.4,75,80,55,70.0,B
S361,Male,18,Master's Degree,1,1,3.2,94.9,7.8,87,100,90,92.3,A
S362,Female,15,Bachelor's Degree,1,1,7.6,65.0,7.5,100,100,100,100.0,A
S363,Male,14,Bachelor's Degree,1,0,7.7,87.2,6.3,99,100,92,97.0,A
S364,Female,14,Bachelor's Degree,1,0,5.2,94.7,6.1,90,87,76,84.3,B
S365,Female,17,Master's Degree,1,1,7.5,87.9,4.3,74,80,78,77.3,B
S366,Male,16,Master's Degree,0,1,6.2,86.4,5.3,94,100,90,94.7,A
S367,Female,17,Bachelor's Degree,0,0,4.6,88.9,4.1,78,85,75,79.3,B
S368,Female,17,Bachelor's Degree,1,0,1.9,75.9,7.5,47,56,62,55.0,C
S369,Male,17,Primary School,1,1,3.9,94.3,4.6,44,52,54,50.0,D
S370,Male,17,Primary School,1,1,4.7,64.2,9.2,57,45,51,51.0,D
S371,Male,18,Bachelor's Degree,0,0,7.0,60.7,7.1,83,80,82,81.7,B
S372,Male,18,No Formal Education,1,1,4.1,67.8,8.2,71,72,60,67.7,C
S373,Male,15,High School,1,1,7.2,78.9,6.5,71,76,73,73.3,B
S374,Female,14,High School,1,0,5.6,78.0,7.4,80,74,79,77.7,B
S375,Male,17,High School,1,0,1.5,91.9,9.7,67,71,79,72.3,B
S376,Male,15,Bachelor's Degree,1,1,8.0,73.2,4.5,76,81,72,76.3,B
S377,Female,14,Master's Degree,1,1,4.5,76.8,5.5,99,89,99,95.7,A
S378,Male,16,Primary School,1,0,3.4,55.6,8.7,47,51,46,48.0,D
S379,Female,18,Bachelor's Degree,1,1,5.4,73.4,4.6,87,90,78,85.0,A
S380,Male,14,Master's Degree,1,1,1.3,84.1,4.5,69,63,57,63.0,C
S381,Male,16,Primary School,1,1,5.3,55.7,6.2,76,83,78,79.0,B
S382,Female,14,Bachelor's Degree,1,1,4.2,67.6,4.6,62,69,53,61.3,C
S383,Female,18,High School,1,1,3.6,64.4,7.5,54,65,59,59.3,C
S384,Female,18,High School,0,1,7.6,56.9,5.4,63,75,69,69.0,C
S385,Female,15,Master's Degree,1,1,4.4,76.6,9.4,78,93,93,88.0,A
S386,Female,17,High School,1,1,2.1,63.2,8.7,68,60,71,66.3,C
S387,Male,14,Bachelor's Degree,0,1,3.9,88.4,8.2,68,76,65,69.7,C
S388,Male,14,Bachelor's Degree,0,1,7.4,93.2,7.7,85,88,91,88.0,A
S389,Female,16,No Formal Education,1,0,1.8,79.6,9.2,62,55,49,55.3,C
S390,Female,18,Bachelor's Degree,1,1,2.1,99.2,5.3,74,73,59,68.7,C
S391,Female,14,Master's Degree,1,1,0.6,75.3,9.2,69,63,67,66.3,C
S392,Male,18,Primary School,0,0,0.6,78.1,8.7,41,44,49,44.7,D
S393,Male,14,Master's Degree,0,1,6.7,99.5,8.5,99,100,100,99.7,A
S394,Female,15,Bachelor's Degree,1,1,6.0,65.4,7.4,66,64,75,68.3,C
S395,Male,17,Bachelor's Degree,1,0,3.2,97.4,5.5,77,82,66,75.0,B
S396,Female,14,Bachelor's Degree,1,0,5.7,56.9,6.5,84,79,78,80.3,B
S397,Female,18,High School,1,0,3.5,75.1,8.8,73,83,76,77.3,B
S398,Male,15,Master's Degree,1,0,7.6,58.2,4.2,90,88,89,89.0,A
S399,Female,14,Master's Degree,1,1,7.8,87.8,8.7,99,100,96,98.3,A
S400,Female,16,Bachelor's Degree,1,0,3.4,82.4,5.4,73,86,73,77.3,B
S401,Male,17,Bachelor's Degree,1,1,6.9,86.8,4.9,83,93,90,88.7,A
S402,Female,14,Bachelor's Degree,1,1,6.3,71.9,4.7,71,80,80,77.0,B
S403,Female,15,High School,1,1,2.8,71.6,4.2,55,58,55,56.0,C
S404,Female,16,Bachelor's Degree,1,1,2.2,57.0,7.1,75,76,78,76.3,B
S405,Male,15,Bachelor's Degree,0,0,3.9,70.7,5.3,71,81,83,78.3,B
S406,Female,15,Bachelor's Degree,1,1,6.4,96.8,9.9,91,100,100,97.0,A
S407,Male,16,Bachelor's Degree,0,0,7.7,72.1,7.4,75,85,84,81.3,B
S408,Male,15,High School,1,1,6.2,92.4,4.8,78,75,84,79.0,B
S409,Female,16,No Formal Education,1,1,6.9,92.9,8.1,90,86,84,86.7,A
S410,Male,14,High School,1,0,5.0,71.8,9.4,73,67,76,72.0,B
S411,Male,16,High School,1,0,6.8,83.4,8.5,96,96,84,92.0,A
S412,Female,16,Bachelor's Degree,1,1,6.4,59.3,4.5,60,62,71,64.3,C
S413,Female,17,Bachelor's Degree,1,1,3.3,59.7,9.4,73,77,71,73.7,B
S414,Female,16,Bachelor's Degree,0,1,4.6,57.2,8.8,33,51,60,48.0,D
S415,Female,16,High School,1,0,6.5,81.1,4.9,74,61,75,70.0,B
S416,Male,14,Bachelor's Degree,1,1,0.8,74.2,4.3,79,83,76,79.3,B
S417,Male,17,High School,0,0,6.6,79.7,7.3,81,86,83,83.3,B
S418,Male,18,High School,1,1,1.8,78.4,4.9,74,81,76,77.0,B
S419,Female,14,Bachelor's Degree,1,1,4.4,70.8,9.0,61,63,75,66.3,C
S420,Female,14,Master's Degree,1,1,6.6,85.5,6.2,86,92,91,89.7,A
S421,Female,18,High School,1,1,2.4,89.1,9.5,88,84,85,85.7,A
S422,Female,16,No Formal Education,0,0,2.3,55.7,7.4,52,52,54,52.7,D
S423,Male,15,High School,1,1,3.5,64.3,5.1,61,58,57,58.7,C
S424,Male,17,No Formal Education,0,1,7.2,87.1,4.8,89,89,89,89.0,A
S425,Male,15,Bachelor's Degree,1,0,0.5,72.4,7.5,52,65,55,57.3,C
S426,Female,18,High School,1,1,7.3,84.8,8.6,82,90,94,88.7,A
S427,Male,14,Bachelor's Degree,1,0,1.7,70.6,8.7,49,53,47,49.7,D
S428,Female,14,High School,1,1,7.9,72.6,5.7,68,65,72,68.3,C
S429,Male,17,Primary School,1,1,7.7,62.1,5.2,70,76,81,75.7,B
S430,Male,14,High School,0,1,4.2,66.6,4.1,60,53,57,56.7,C
S431,Male,14,High School,0,0,4.3,82.2,8.1,71,74,79,74.7,B
S432,Female,17,High School,1,1,4.1,74.5,4.5,73,87,72,77.3,B
S433,Female,17,High School,0,1,5.3,89.8,6.5,64,79,77,73.3,B
S434,Male,18,Bachelor's Degree,1,1,1.2,93.4,7.6,58,95,90,81.0,B
S435,Male,14,High School,1,1,0.7,79.4,9.6,74,65,74,71.0,B
S436,Female,14,Master's Degree,1,0,0.9,89.1,5.9,66,63,71,66.7,C
S437,Male,18,High School,1,1,3.8,68.8,5.5,67,52,66,61.7,C
S438,Female,16,Bachelor's Degree,1,1,2.6,73.7,7.9,61,51,71,61.0,C
S439,Female,16,Bachelor's Degree,1,1,5.2,87.1,7.7,78,86,83,82.3,B
S440,Male,16,Bachelor's Degree,1,1,7.9,72.4,6.0,87,96,95,92.7,A
S441,Male,18,Bachelor's Degree,1,1,3.4,81.5,9.6,71,71,76,72.7,B
S442,Female,14,Bachelor's Degree,0,1,4.8,63.3,9.1,80,75,73,76.0,B
S443,Male,18,Bachelor's Degree,1,1,3.6,82.0,5.3,64,63,70,65.7,C
S444,Male,18,Bachelor's Degree,1,0,6.9,93.8,5.4,100,96,95,97.0,A
S445,Female,16,Bachelor's Degree,1,0,7.3,94.1,7.1,84,87,99,90.0,A
S446,Female,15,No Formal Education,1,0,7.1,87.6,8.6,99,86,85,90.0,A
S447,Female,14,High School,1,0,7.8,88.6,4.3,69,80,88,79.0,B
S448,Female,16,Bachelor's Degree,1,1,0.7,80.1,8.2,46,53,64,54.3,D
S449,Male,15,Bachelor's Degree,1,1,6.8,81.3,7.9,89,91,86,88.7,A
S450,Male,15,Bachelor's Degree,1,1,6.1,61.0,5.4,77,50,59,62.0,C
S451,Female,17,Bachelor's Degree,1,1,2.2,75.0,8.1,72,75,82,76.3,B
S452,Female,14,Master's Degree,1,1,7.7,75.3,9.6,88,89,96,91.0,A
S453,Male,15,High School,1,1,1.6,98.1,4.3,74,63,73,70.0,B
S454,Female,16,High School,1,1,5.6,74.4,5.9,72,69,70,70.3,B
S455,Male,17,High School,0,1,2.2,79.7,6.6,66,58,68,64.0,C
S456,Male,14,High School,1,1,3.7,79.0,9.4,56,66,54,58.7,C
S457,Male,18,Bachelor's Degree,1,0,5.9,83.7,9.8,100,89,96,95.0,A
S458,Male,16,High School,1,0,4.7,88.7,6.7,62,79,82,74.3,B
S459,Male,15,Bachelor's Degree,1,1,3.7,65.1,8.5,67,65,70,67.3,C
S460,Male,15,High School,1,1,2.9,78.8,7.2,68,63,68,66.3,C
S461,Male,16,Bachelor's Degree,0,0,6.8,92.2,7.2,82,84,79,81.7,B
S462,Female,15,Bachelor's Degree,1,1,1.6,75.8,5.7,69,65,63,65.7,C
S463,Female,17,High School,0,1,3.7,67.5,5.3,48,59,52,53.0,D
S464,Female,14,Bachelor's Degree,1,0,7.3,84.5,5.7,78,62,74,71.3,B
S465,Female,17,High School,1,0,6.8,92.1,7.3,85,74,73,77.3,B
S466,Male,15,Primary School,1,1,3.5,57.8,4.2,64,66,68,66.0,C
S467,Male,18,High School,1,1,6.2,90.0,9.4,75,90,81,82.0,B
S468,Female,14,Primary School,1,0,6.7,92.0,4.9,79,73,69,73.7,B
S469,Male,14,High School,1,1,7.2,75.8,5.3,63,66,66,65.0,C
S470,Female,16,Bachelor's Degree,1,1,4.6,99.2,7.1,87,100,89,92.0,A
S471,Male,16,Bachelor's Degree,1,1,2.0,90.4,8.3,60,66,69,65.0,C
S472,Female,18,Bachelor's Degree,0,0,2.4,89.8,4.6,64,71,69,68.0,C
S473,Male,14,Primary School,1,0,2.7,88.7,5.9,50,43,55,49.3,D
S474,Female,18,Bachelor's Degree,0,1,5.0,61.8,9.8,71,75,85,77.0,B
S475,Female,16,High School,1,1,0.7,64.8,5.6,53,67,65,61.7,C
S476,Female,16,High School,1,1,5.3,75.9,5.9,71,84,75,76.7,B
S477,Male,14,Master's Degree,1,0,3.2,66.9,9.0,55,61,60,58.7,C
S478,Female,17,No Formal Education,1,1,2.7,73.7,4.3,59,49,54,54.0,D
S479,Female,15,Bachelor's Degree,1,0,7.1,95.0,6.8,86,85,80,83.7,B
S480,Female,16,Bachelor's Degree,1,0,4.0,92.1,6.3,70,72,71,71.0,B
S481,Female,16,High School,1,0,1.2,83.4,5.9,57,58,53,56.0,C
S482,Female,17,High School,1,0,6.7,93.6,5.7,90,77,89,85.3,A
S483,Male,17,High School,1,1,0.9,90.3,4.5,59,58,57,58.0,C
S484,Female,18,Master's Degree,1,1,6.0,74.3,5.9,100,92,100,97.3,A
S485,Female,18,High School,1,0,6.3,64.0,4.3,80,78,87,81.7,B
S486,Female,15,High School,1,1,3.1,78.1,8.7,65,65,55,61.7,C
S487,Male,15,High School,1,0,6.7,88.1,6.4,72,78,76,75.3,B
S488,Male,14,Bachelor's Degree,1,1,4.4,74.6,6.7,79,77,67,74.3,B
S489,Female,18,Primary School,1,1,4.0,85.0,9.4,60,68,72,66.7,C
S490,Female,16,High School,1,0,0.8,59.2,7.9,55,55,51,53.7,D
S491,Male,18,Bachelor's Degree,1,1,2.7,88.7,4.0,71,81,72,74.7,B
S492,Female,16,Master's Degree,1,0,7.5,91.6,9.7,100,100,100,100.0,A
S493,Male,17,High School,1,0,3.4,86.8,5.4,78,78,79,78.3,B
S494,Male,18,High School,1,0,4.6,98.5,4.6,85,86,95,88.7,A
S495,Male,17,High School,1,1,4.5,92.2,8.6,82,65,73,73.3,B
S496,Male,15,Bachelor's Degree,1,1,4.9,95.6,7.0,95,94,91,93.3,A
S497,Female,15,High School,1,0,1.0,97.0,6.6,50,62,60,57.3,C
S498,Male,14,Bachelor's Degree,0,1,3.2,91.1,5.5,73,76,78,75.7,B
S499,Female,18,Bachelor's Degree,1,1,5.9,85.3,7.3,70,82,68,73.3,B
S500,Female,17,Bachelor's Degree,1,1,2.0,55.3,5.6,52,36,47,45.0,D
